工作面,日期,开工,完工,跨零点,用时(h),归类工序,开工前等待,部位/桩号,原文,需复核
1#施工支洞,2026-09-17,20:00,22:00,,2.00,锚杆孔钻孔,设备故障维修,0+20.5~0+25.7,20:00~22:00  0+20.5~0+25.7段 0+20.5~0+25.7段 打系统锚杆孔 单臂钻1台 龙工855装载机1台 R205vs挖机1台 操作手3人 管理1人（22:00单臂钻损坏停止施工）,
1#施工支洞,2026-09-19,11:20,15:20,,4.00,锚杆注浆,,0+20.5~0+25.7,11:20-15:20插杆注浆 插杆注浆,
1#施工支洞,2026-09-19,15:20,17:30,,2.17,挂钢筋网,,0+20.5~0+25.7,15:20-17:30挂网 挂网,
1#施工支洞,2026-09-19,17:50,18:25,,0.58,锚杆孔验收,,0+20.5~0+25.7,17:50-18:25验收 验收,归类建议复核
1#施工支洞,2026-09-19,21:30,22:30,,1.00,喷护,,0+20.1~0+25.7,21:30~22:30 0+20.1~0+25.7段喷护 湿喷车1台 工人2人 罐车1台 0+20.1~0+25.7段喷护 湿喷车1台 工人2人 罐车1台,
1#施工支洞,2026-09-19,22:30,23:50,,1.33,清理回弹料,交接班 / 班前准备,0+20.5~0+25.7,22:30~23:50清理回弹料 扒渣 推台车到掌子面 R215vs挖机1台 清理回弹料 扒渣 推台车到掌子面 R215vs挖机1台,
1#施工支洞,2026-09-19,23:50,01:00,是,1.17,测量放样（爆破孔）,,0+25.7~0+28.4,23:50~01:00测量放样爆破孔 测量2人 测量放样爆破孔 测量2人,归类建议复核
1#施工支洞,2026-09-20,01:00,04:50,,3.83,钻孔（爆破孔）,,0+25.7~0+28.4,1:00~04:50打爆破孔 10人 打爆破孔 10人,
1#施工支洞,2026-09-20,05:30,05:50,,0.33,爆破孔验收,,0+25.7~0+28.4,5:30~5:50验收 验收,归类建议复核
1#施工支洞,2026-09-20,07:30,09:12,,1.70,装药爆破,,0+25.7~0+28.4,7:30~9:12装药响炮 装药响炮,
1#施工支洞,2026-09-20,10:10,12:00,,1.83,出渣,,0+25.7~0+28.4,10:10-12:00出渣 出渣,
1#施工支洞,2026-09-20,12:10,12:30,,0.33,扒渣排险,,0+25.7~0+28.4,12:10-12:30排险 排险,
1#施工支洞,2026-09-20,13:00,14:10,,1.17,超前地质预报,,0+25.7~0+28.4,13:00-14:10打孔做地质预报 打孔做地质预报,
1#施工支洞,2026-09-20,15:30,16:15,,0.75,超前地质预报,,0+25.7~0+28.4,15:30-16:15做超前地质预报 做超前地质预报,
1#施工支洞,2026-09-20,16:15,16:45,,0.50,清理回弹料,,0+25.7~0+28.4,16:15-16:45推台车测量放点 推台车测量放点,归类建议复核
1#施工支洞,2026-09-20,17:30,18:20,,0.83,扒渣排险,欠挖 / 补炮返工,0+25.7~0+28.4,17:30-18:20补炮打孔 补炮打孔,
1#施工支洞,2026-09-20,19:00,20:10,,1.17,装药爆破,欠挖 / 补炮返工,0+25.7~0+28.4,19:00~20:10补炮装药响炮 补炮装药响炮,
1#施工支洞,2026-09-20,21:10,22:20,,1.17,出渣,,0+25.7~0+28.4,21:10~22:20出渣排险 出渣排险,
1#施工支洞,2026-09-20,22:20,22:50,,0.50,测量放样（爆破孔）,,0+28.3~0+031,22:20~22:50测量放样爆破孔 测量放样爆破孔,归类建议复核
1#施工支洞,2026-09-20,22:50,02:10,是,3.33,钻孔（爆破孔）,,0+28.3~0+031,22:50~2:10钻孔吹孔 钻孔吹孔,
1#施工支洞,2026-09-21,02:20,02:38,,0.30,爆破孔验收,,0+28.3~0+031,2:20~2:38验收 验收,归类建议复核
1#施工支洞,2026-09-21,03:15,05:21,,2.10,装药爆破,等炸药 / 火工品,0+28.3~0+031,3:15~5:21炸药出库并装药放炮 炸药出库并装药放炮,
1#施工支洞,2026-09-21,05:50,08:30,,2.67,出渣,,0+28.3~0+031,5:50~8:30出渣排险 出渣排险,
1#施工支洞,2026-09-21,08:30,09:20,,0.83,测量放样（爆破孔）,交接班 / 班前准备,0+031~0+033.7,8:30-9:20测量放样2人 测量放样2人 9:30开挖班就位,归类建议复核
1#施工支洞,2026-09-21,10:30,12:10,,1.67,出渣,,0+031~0+033.7,10:30-12:10地坪扒渣出渣 地坪扒渣出渣,
1#施工支洞,2026-09-21,12:20,15:55,,3.58,钻孔（爆破孔）,,0+031~0+033.7,12:20-15:55打爆破孔 打爆破孔,
1#施工支洞,2026-09-21,17:20,19:06,,1.77,装药爆破,,0+031~0+033.7,17:20-19:06装药响炮 装药响炮,
1#施工支洞,2026-09-21,19:40,22:20,,2.67,出渣,,0+031~0+033.7,19:40~22:20出渣排险 出渣排险,
1#施工支洞,2026-09-21,22:20,22:55,,0.58,锚杆孔钻孔,,0+031~0+033.7,22:20~22:55放样0+28.3~33.7段锚杆孔 放样0+28.3~33.7段锚杆孔,归类建议复核
1#施工支洞,2026-09-21,22:55,02:40,是,3.75,锚杆孔钻孔,,0+031~0+033.7,22:55~2:40打锚杆孔 打锚杆孔,
1#施工支洞,2026-09-22,16:20,16:50,,0.50,吹孔,,0+031~0+033.7,16:20-16:50锚杆孔吹孔2人 锚杆孔吹孔2人,
1#施工支洞,2026-09-22,17:50,18:10,,0.33,锚杆孔验收,,0+031~0+033.7,17:50-18:10验收锚杆孔锚杆 验收锚杆孔锚杆,归类建议复核
1#施工支洞,2026-09-23,08:30,09:15,,0.75,锚杆注浆,机械被其他工作面占用,0+031~0+033.7,8:30-9:15挂网等装载机转材料注浆（装载机通风洞出渣） 挂网等装载机转材料注浆（装载机通风洞出渣）,
1#施工支洞,2026-09-23,09:15,20:50,,11.58,锚杆注浆,,0+031~0+033.7,9:15-20:50转材料挂网锚杆注浆9人 转材料挂网锚杆注浆9人,
1#施工支洞,2026-09-23,20:58,21:10,,0.20,网片验收,,0+25.6~0+33.7,20:58~21:10 0+25.6~0+33.7段钢筋网片验收 0+25.6~0+33.7段钢筋网片验收,归类建议复核
1#施工支洞,2026-09-23,21:10,21:30,,0.33,喷护,,0+031~0+033.7,21:10~21:30退台车 湿喷车进场 退台车 湿喷车进场,
1#施工支洞,2026-09-23,21:30,01:10,是,3.67,喷护,,0+031~0+033.7,21:30~01:10喷护 喷护,
1#施工支洞,2026-09-24,01:20,02:00,,0.67,清理回弹料,,0+031~0+033.7,01:20~2:00扒渣清理回弹料 推台车 扒渣清理回弹料 推台车,
1#施工支洞,2026-09-24,02:00,02:30,,0.50,测量放样（爆破孔）,,0+031~0+033.7,2:00~2:30测量放样0+33.7~36.4段爆破孔 测量放样0+33.7~36.4段爆破孔,归类建议复核
1#施工支洞,2026-09-24,02:30,06:25,,3.92,钻孔（爆破孔）,,0+031~0+033.7,2:30~6:25打爆破孔吹孔 打爆破孔吹孔,
1#施工支洞,2026-09-24,06:40,07:00,,0.33,爆破孔验收,,0+031~0+033.7,6:40~7:00验收 验收,归类建议复核
1#施工支洞,2026-09-24,11:30,13:19,,1.82,装药爆破,等炸药 / 火工品,0+031~0+033.7,11:30-13:19装药响炮 装药响炮,
1#施工支洞,2026-09-24,13:50,15:40,,1.83,出渣,,0+031~0+033.7,13:50-15:40出渣 出渣,
1#施工支洞,2026-09-24,15:50,17:00,,1.17,扒渣排险,欠挖 / 补炮返工,0+031~0+033.7,15:50-17:00欠挖处理 欠挖处理,
1#施工支洞,2026-09-24,17:20,17:50,,0.50,扒渣排险,,0+031~0+033.7,17:20-17:50扒渣排险 扒渣排险,
1#施工支洞,2026-09-24,17:50,22:30,,4.67,测量放样（爆破孔）,,0+031~0+033.7,17:50-22:30测量放样 0+36.7~39.4段打爆破孔 10人 测量放样 0+36.7~39.4段打爆破孔 10人,归类建议复核
1#施工支洞,2026-09-24,22:40,22:56,,0.27,爆破孔验收,,0+031~0+033.7,22:40~22:56验收 验收,归类建议复核
1#施工支洞,2026-09-24,22:56,00:35,是,1.65,装药爆破,,0+031~0+033.7,22:56~00:35装药响炮 装药响炮,
1#施工支洞,2026-09-25,01:10,03:20,,2.17,出渣,,0+031~0+033.7,1:10~3:20出渣排险 出渣排险,
1#施工支洞,2026-09-25,03:40,04:25,,0.75,测量放样（爆破孔）,,0+031~0+033.7,3:40~4:25测量放样 测量放样,归类建议复核
1#施工支洞,2026-09-25,05:00,08:50,,3.83,钻孔（爆破孔）,,0+39.4~0+42.1,5:00~8:50打0+39.4~0+42.1段爆破孔 打0+39.4~0+42.1段爆破孔,
1#施工支洞,2026-09-25,09:00,09:20,,0.33,洞内辅助作业（排水/清理）,,0+031~0+033.7,9:00-9:20安装水泵抽排水 安装水泵抽排水,
1#施工支洞,2026-09-25,09:20,10:10,,0.83,爆破孔验收,等验收,0+031~0+033.7,9:20-10:10通知验收 通知验收,归类建议复核
1#施工支洞,2026-09-25,10:10,10:25,,0.25,爆破孔验收,等炸药 / 火工品,0+031~0+033.7,10:10-10:25爆破孔验收 爆破孔验收 爆破公司10:50到场,归类建议复核
1#施工支洞,2026-09-25,11:00,12:21,,1.35,装药爆破,,0+031~0+033.7,11:00-12:21装药响炮 装药响炮,
1#施工支洞,2026-09-25,12:40,18:00,,5.33,出渣,,0+031~0+033.7,12:40-18:00出渣排险 出渣排险,
1#施工支洞,2026-09-25,16:20,17:40,,1.33,测量放样（锚杆孔）,,0+031~0+033.7,16:20-17:40收断面放锚杆孔 收断面放锚杆孔,归类建议复核
1#施工支洞,2026-09-25,17:50,20:20,,2.50,锚杆孔钻孔,,0+31~0+041.8,17:50-20:20 0+31~0+041.8段打锚杆孔 0+31~0+041.8段打锚杆孔,
1#施工支洞,2026-09-25,20:20,21:10,,0.83,钻孔（爆破孔）,,0+031~0+033.7,20:20~21:10吹孔 吹孔,
1#施工支洞,2026-09-25,21:20,21:30,,0.17,爆破孔验收,,0+031~0+033.7,21:20~21:30验孔 验孔,归类建议复核
1#施工支洞,2026-09-25,21:20,22:10,,0.83,锚杆注浆,交接班 / 班前准备,0+031~0+033.7,21:20~22:10准备注浆材料 准备注浆材料,
1#施工支洞,2026-09-25,22:10,03:10,是,5.00,锚杆注浆,,0+031~0+033.7,22:10~3:10锚杆注浆 锚杆注浆,
1#施工支洞,2026-09-26,03:10,03:45,,0.58,锚杆注浆,交接班 / 班前准备,0+031~0+033.7,3:10~3:45清洗注浆机 准备挂网材料 清洗注浆机 准备挂网材料,
1#施工支洞,2026-09-26,03:45,10:40,,6.92,挂钢筋网,,0+031~0+033.7,3:45~10:40挂网 挂网,
1#施工支洞,2026-09-26,12:00,16:20,,4.33,喷护,等喷浆料,0+031~0+033.7,12:00~16:20等待湿喷料 等待湿喷料,
1#施工支洞,2026-09-26,16:20,18:25,,2.08,喷护,,0+31~0+41.4,16:20~18:25 0+31~0+41.4喷护 0+31~0+41.4喷护,
1#施工支洞,2026-09-26,18:35,19:10,,0.58,清理回弹料,,0+031~0+033.7,18:35~19:10清理回弹料 清理回弹料,
1#施工支洞,2026-09-26,20:18,11:30,是,15.20,钻孔（爆破孔）,,0+41.4~0+44.1,20:18-11:30 0+41.4~0+44.1段打爆破孔9人 0+41.4~0+44.1段打爆破孔9人,时长异常
1#施工支洞,2026-09-26,11:40,12:00,,0.33,爆破孔验收,,0+031~0+033.7,11:40-12:00验孔 验孔,归类建议复核
1#施工支洞,2026-09-26,12:00,01:56,是,13.93,装药爆破,,0+031~0+033.7,12:00-1:56装药响炮 装药响炮,时长异常
1#施工支洞,2026-09-27,02:15,05:10,,2.92,出渣,,0+031~0+033.7,2:15-5:10出渣排险 出渣排险,
1#施工支洞,2026-09-27,05:20,06:00,,0.67,测量放样（爆破孔）,,0+031~0+033.7,5:20-6:00放样 放样,归类建议复核
1#施工支洞,2026-09-27,06:00,07:25,,1.42,扒渣排险,,0+031~0+033.7,6:00-7:25人工排险接风水管 人工排险接风水管,
1#施工支洞,2026-09-27,07:20,11:10,,3.83,钻孔（爆破孔）,,0+44.1~0+46.8,7:20-11:10打0+44.1~0+46.8段爆破孔 打0+44.1~0+46.8段爆破孔,
1#施工支洞,2026-09-27,11:20,11:40,,0.33,爆破孔验收,,0+031~0+033.7,11:20~11:40验收 验收,归类建议复核
1#施工支洞,2026-09-27,11:50,13:48,,1.97,装药爆破,,0+031~0+033.7,11:50~13:48装药响炮 装药响炮,
1#施工支洞,2026-09-27,14:15,16:50,,2.58,出渣,,0+031~0+033.7,14:15~16:50出渣排险 出渣排险,
1#施工支洞,2026-09-27,16:50,17:25,,0.58,测量放样（爆破孔）,,0+031~0+033.7,16:50~17:25测量放样 测量放样,归类建议复核
1#施工支洞,2026-09-27,17:25,21:30,,4.08,钻孔（爆破孔）,,0+46.6~0+49.3,17:25~-21:30  0+46.6~0+49.3段打爆破孔 0+46.6~0+49.3段打爆破孔,
1#施工支洞,2026-09-27,21:45,22:00,,0.25,爆破孔验收,,0+031~0+033.7,21:45-22:00验收 验收,归类建议复核
1#施工支洞,2026-09-27,22:10,00:06,是,1.93,装药爆破,,0+031~0+033.7,22:10-00:06装药响炮 装药响炮,
1#施工支洞,2026-09-28,00:30,03:15,,2.75,出渣,,0+031~0+033.7,00:30-3:15出渣排险 出渣排险,
1#施工支洞,2026-09-28,03:25,03:54,,0.48,测量放样（锚杆孔）,,0+031~0+033.7,3:25-3:54测量放锚杆点 测量放锚杆点,归类建议复核
1#施工支洞,2026-09-28,04:03,06:40,,2.62,锚杆孔钻孔,,0+031~0+033.7,4:03-6:40单臂钻打锚杆孔 单臂钻打锚杆孔,
1#施工支洞,2026-09-28,06:49,09:16,,2.45,装药爆破,等炸药 / 火工品,0+031~0+033.7,6:49-9:16等药补炮响炮 等药补炮响炮,
1#施工支洞,2026-09-28,09:40,10:05,,0.42,扒渣排险,,0+031~0+033.7,9:40~10:05扒渣排险 扒渣排险,
1#施工支洞,2026-09-28,10:05,10:20,,0.25,清理回弹料,交接班 / 班前准备,0+031~0+033.7,10:05~10:20推台车到掌子面 推台车到掌子面,
1#施工支洞,2026-09-28,10:20,11:37,,1.28,钻孔（爆破孔）,交接班 / 班前准备,0+031~0+033.7,10:20~11:37吹孔 准备材料 吹孔 准备材料,
1#施工支洞,2026-09-28,11:10,11:30,,0.33,爆破孔验收,,0+031~0+033.7,11:10~11:30验收 验收,归类建议复核
1#施工支洞,2026-09-28,11:37,16:15,,4.63,锚杆注浆,,0+41.8~0+48,11:37~16:15 0+41.8~0+48段锚杆注浆 4人 0+41.8~0+48段锚杆注浆 4人,
1#施工支洞,2026-09-28,16:25,17:00,,0.58,爆破孔验收,,0+031~0+033.7,16:25~17:00三方验收岩石断面 三方验收岩石断面,归类建议复核
1#施工支洞,2026-09-28,16:15,22:50,,6.58,挂钢筋网,,0+031~0+033.7,16:15-22:50挂网 挂网,
1#施工支洞,2026-09-28,22:50,23:00,,0.17,锚杆孔验收,,0+031~0+033.7,22:50-23:00验收 验收,归类建议复核
1#施工支洞,2026-09-30,00:15,01:40,是,1.42,喷护,等喷浆料,0+031~0+033.7,24:15-1:40喷护 喷护,
1#施工支洞,2026-09-29,02:00,02:40,,0.67,测量放样（爆破孔）,,0+031~0+033.7,2:00-2:40推台车测量放样 推台车测量放样,归类建议复核
1#施工支洞,2026-09-29,02:50,03:20,,0.50,扒渣排险,,0+031~0+033.7,2:50-3:20人工排险接风水管8人 人工排险接风水管8人,
1#施工支洞,2026-09-29,03:20,06:50,,3.50,钻孔（爆破孔）,,0+031~0+033.7,3:20-6:50打爆破孔 打爆破孔,
1#施工支洞,2026-09-29,07:10,07:20,,0.17,爆破孔验收,,0+031~0+033.7,7:10-7:20验收 验收,归类建议复核
1#施工支洞,2026-09-29,08:20,10:35,,2.25,装药爆破,,0+031~0+033.7,8:20~10:35装药响炮 装药响炮,
1#施工支洞,2026-09-29,10:50,13:28,,2.63,出渣,,0+031~0+033.7,10:50~13:28出渣 出渣,
1#施工支洞,2026-09-29,14:00,15:03,,1.05,装药爆破,欠挖 / 补炮返工,0+031~0+033.7,14:00~15:03补炮装药响炮 补炮装药响炮,
1#施工支洞,2026-09-29,15:25,15:59,,0.57,扒渣排险,,0+031~0+033.7,15:25~15:59扒渣排险 扒渣排险,
1#施工支洞,2026-09-29,16:07,16:40,,0.55,测量放样（爆破孔）,,0+031~0+033.7,16:07~16:40测量收断面 放样爆破孔 测量收断面 放样爆破孔,归类建议复核
1#施工支洞,2026-09-29,16:50,21:00,,4.17,钻孔（爆破孔）,,0+52.3~0+55,16:50~21:00打0+52.3~0+55段爆破孔 打0+52.3~0+55段爆破孔,
1#施工支洞,2026-09-29,21:20,21:40,,0.33,爆破孔验收,,0+031~0+033.7,21:20-21:40验收 验收,归类建议复核
1#施工支洞,2026-09-29,21:40,23:26,,1.77,装药爆破,,0+031~0+033.7,21:40-23:26装药响炮 装药响炮,
1#施工支洞,2026-09-30,00:55,03:00,,2.08,出渣,,0+031~0+033.7,00:55-3:00出渣排险 出渣排险,
1#施工支洞,2026-09-30,07:10,07:56,,0.77,装药爆破,欠挖 / 补炮返工,0+031~0+033.7,7:10-7:56补炮装药响炮 补炮装药响炮,
1#施工支洞,2026-09-30,08:20,08:40,,0.33,扒渣排险,,0+031~0+033.7,8:20~8:40 扒渣排险 扒渣排险,
1#施工支洞,2026-09-30,08:50,09:35,,0.75,测量放样（爆破孔）,,0+55.3~0+58,8:50~9:35测量收断面放样0+55.3~0+58段爆破孔 测量收断面放样0+55.3~0+58段爆破孔,归类建议复核
1#施工支洞,2026-09-30,09:50,13:50,,4.00,钻孔（爆破孔）,,0+031~0+033.7,9:50~13:50打爆破孔 打爆破孔,
1#施工支洞,2026-09-30,14:28,14:37,,0.15,爆破孔验收,,0+031~0+033.7,14:28~14:37验收 验收,归类建议复核
1#施工支洞,2026-09-30,14:37,16:33,,1.93,装药爆破,,0+031~0+033.7,14:37~16:33装药响炮 装药响炮 16:58~出渣排险,
通风兼安全洞,2026-09-19,02:30,03:30,,1.00,测量放样（爆破孔）,,0+456~0+459,2:30~3:30测量放样爆破孔 测量放样爆破孔,归类建议复核
通风兼安全洞,2026-09-19,03:30,08:30,,5.00,钻孔（爆破孔）,,0+456~0+459,3:30~8:30打爆破孔 打爆破孔,
通风兼安全洞,2026-09-19,08:30,08:44,,0.23,爆破孔验收,,0+456~0+459,8:30~8:44爆破孔验收 爆破孔验收,归类建议复核
通风兼安全洞,2026-09-19,08:45,10:41,,1.93,装药爆破,,0+456~0+459,8:45~10:41装药爆破 装药爆破,
通风兼安全洞,2026-09-19,11:00,13:30,,2.50,出渣,,0+456~0+459,11:00-13:30出渣 出渣,
通风兼安全洞,2026-09-19,13:45,14:20,,0.58,扒渣排险,,0+456~0+459,13:45-14:20扒渣排险 扒渣排险,
通风兼安全洞,2026-09-20,09:35,10:00,,0.42,锚杆孔钻孔,,0+456~0+459,9:35-10:00测量放锚杆孔 测量放锚杆孔,归类建议复核
通风兼安全洞,2026-09-20,10:00,13:30,,3.50,锚杆孔钻孔,,0+456~0+459,10:00-13:30打锚杆孔 打锚杆孔,
通风兼安全洞,2026-09-21,01:30,02:45,,1.25,锚杆孔钻孔,,0+456~0+459,1:30~2:45推台车吹0+456~0+459段锚杆孔排水孔 推台车吹0+456~0+459段锚杆孔排水孔,
通风兼安全洞,2026-09-21,02:45,03:08,,0.38,锚杆孔验收,,0+456~0+459,2:45~3:08验收锚杆孔排水孔 验收锚杆孔排水孔,归类建议复核
通风兼安全洞,2026-09-21,09:40,10:30,,0.83,锚杆注浆,机械被其他工作面占用,0+456~0+459,9:40-10:30装载机转注浆机注浆材料 装载机转注浆机注浆材料,
通风兼安全洞,2026-09-21,10:30,16:30,,6.00,锚杆注浆,,0+456~0+459,10:30-16:30锚杆插杆注浆5人 锚杆插杆注浆5人,
通风兼安全洞,2026-09-21,16:50,20:20,,3.50,锚杆注浆,,0+456~0+459,16:50-20:20补打锚杆孔排水孔锚杆补打注浆（锚杆注浆不饱满 排水孔间距过大）单臂钻1台5人 补打锚杆孔排水孔锚杆补打注浆（锚杆注浆不饱满 排水孔间距过大）单臂钻1台5人,
通风兼安全洞,2026-09-21,21:10,21:40,,0.50,锚杆孔钻孔,设备故障维修,0+456~0+459,21:10~21:40补打锚杆孔排水孔 补打锚杆孔排水孔,
通风兼安全洞,2026-09-21,21:40,22:10,,0.50,清理回弹料,交接班 / 班前准备,0+456~0+459,21:40~22:10推台车到掌子面 推台车到掌子面,
通风兼安全洞,2026-09-21,22:25,07:30,是,9.08,挂钢筋网,,0+456~0+459,22:25~7:30挂钢筋网 挂钢筋网,
通风兼安全洞,2026-09-22,08:30,16:35,,8.08,挂钢筋网,,0+456~0+459,8:30-16:35补打锚杆注浆5根网片调整（局部网片未贴岩面）4人 补打锚杆注浆5根网片调整（局部网片未贴岩面）4人,
通风兼安全洞,2026-09-22,17:20,17:40,,0.33,网片验收,,0+456~0+459,17:20-17:40验收网片 验收网片,归类建议复核
通风兼安全洞,2026-09-22,18:00,20:20,,2.33,喷护,,0+456~0+459,18:00~20:20 0+456~0+459段喷护 0+456~0+459段喷护,
通风兼安全洞,2026-09-22,22:22,23:20,,0.97,喷护,等喷浆料,0+456~0+459,22:22~23:20清洗湿喷车 挖机扒渣 清洗湿喷车 挖机扒渣,
通风兼安全洞,2026-09-22,23:20,23:55,,0.58,测量放样（爆破孔）,,0+459.4~0+462.4,23:20~23:55测量放样0+459.4~0+462.4段爆破孔 测量放样0+459.4~0+462.4段爆破孔,归类建议复核
通风兼安全洞,2026-09-22,23:55,03:30,是,3.58,钻孔（爆破孔）,,0+456~0+459,23:55~3:30打爆破孔吹孔 11人 打爆破孔吹孔 11人,
通风兼安全洞,2026-09-23,03:50,04:20,,0.50,爆破孔验收,,0+456~0+459,3:50~4:20验收爆破孔 验收爆破孔,归类建议复核
通风兼安全洞,2026-09-23,04:25,06:27,,2.03,装药爆破,等炸药 / 火工品,0+456~0+459,4:25~6:27炸药出库装药响炮 炸药出库装药响炮,
通风兼安全洞,2026-09-23,06:54,09:15,,2.35,出渣,,0+456~0+459,6:54~9:15出渣 出渣,
通风兼安全洞,2026-09-23,09:20,10:35,,1.25,扒渣排险,,0+456~0+459,9:20-10:35扒渣排险 扒渣排险,
通风兼安全洞,2026-09-23,11:00,11:30,,0.50,测量放样（爆破孔）,,0+456~0+459,11:00-11:30测量放样收断面 测量放样收断面,归类建议复核
通风兼安全洞,2026-09-23,17:40,18:10,,0.50,爆破孔验收,,0+449~0+561,17:40-18:10 0+449-0+561段4方验收 0+449-0+561段4方验收,归类建议复核
通风兼安全洞,2026-09-23,18:10,21:40,,3.50,钻孔（爆破孔）,,0+456~0+459,18:10~21:40 462.9~465.9段打爆破孔吹孔 462.9~465.9段打爆破孔吹孔,
通风兼安全洞,2026-09-23,21:50,22:18,,0.47,爆破孔验收,,0+456~0+459,21:50~22:18 验孔 验孔,归类建议复核
通风兼安全洞,2026-09-23,22:30,00:04,是,1.57,装药爆破,,0+456~0+459,22:30~00:04装药响炮 装药响炮,
通风兼安全洞,2026-09-24,00:40,04:50,,4.17,出渣,,0+456~0+459,00:40~4:50出渣排险 出渣排险,
通风兼安全洞,2026-09-24,05:00,05:35,,0.58,测量放样（锚杆孔）,,0+456~0+459,5:00~5:35测量放样锚杆孔 测量放样锚杆孔,归类建议复核
通风兼安全洞,2026-09-24,05:40,10:05,,4.42,锚杆孔钻孔,设备故障维修,0+456~0+459,5:40~10:05打锚杆孔（单臂钻损坏维修耽误大约30分钟） 打锚杆孔（单臂钻损坏维修耽误大约30分钟）,
通风兼安全洞,2026-09-24,10:05,10:40,,0.58,清理回弹料,,0+456~0+459,10:05-10:40转材料推台车 转材料推台车,
通风兼安全洞,2026-09-24,10:40,13:15,,2.58,挂钢筋网,,0+456~0+459,10:40-13:15挂网插锚杆安装排水管9人 挂网插锚杆安装排水管9人,
通风兼安全洞,2026-09-24,13:50,22:30,,8.67,锚杆注浆,,0+456~0+459,13:50-22:30锚杆注浆0+459.4~466.3段钢筋网片绑扎 10人 锚杆注浆0+459.4~466.3段钢筋网片绑扎 10人,
通风兼安全洞,2026-09-24,22:25,22:35,,0.17,网片验收,,0+456~0+459,22:25~22:35网片验收 网片验收,归类建议复核
通风兼安全洞,2026-09-24,22:35,23:00,,0.42,喷护,,0+456~0+459,22:35~23:00清台车 湿喷车进场 清台车 湿喷车进场,
通风兼安全洞,2026-09-25,00:30,03:30,,3.00,喷护,,0+456~0+459,00:30~3:30喷护 喷护,
通风兼安全洞,2026-09-25,03:35,04:10,,0.58,清理回弹料,交接班 / 班前准备,0+456~0+459,3:35~4:10扒渣清理回弹料推台车到掌子面 扒渣清理回弹料推台车到掌子面,
通风兼安全洞,2026-09-25,04:40,05:30,,0.83,测量放样（锚杆孔）,,0+456~0+459,4:40~5:30测量放样 测量放样,归类建议复核
通风兼安全洞,2026-09-25,05:50,09:20,,3.50,钻孔（爆破孔）,,0+465.5~0+468.5,5:50~9:20  0+465.5-0+468.5段打爆破孔 0+465.5-0+468.5段打爆破孔,
通风兼安全洞,2026-09-25,10:35,10:45,,0.17,爆破孔验收,,0+456~0+459,10:35-10:45爆破孔验收 爆破孔验收,归类建议复核
通风兼安全洞,2026-09-25,10:45,15:40,,4.92,装药爆破,,0+456~0+459,10:45-15:40（1#洞装药 系统问题需要重新出库） （1#洞装药 系统问题需要重新出库）,
通风兼安全洞,2026-09-25,15:40,17:11,,1.52,装药爆破,,0+456~0+459,15:40-17:11装药响炮 装药响炮,
通风兼安全洞,2026-09-25,17:40,20:30,,2.83,出渣,,0+456~0+459,17:40-20:30出渣 出渣,
通风兼安全洞,2026-09-25,22:30,23:40,,1.17,扒渣排险,,0+456~0+459,22:30~23:40排险 排险,
通风兼安全洞,2026-09-25,23:50,00:40,是,0.83,测量放样（爆破孔）,,0+456~0+459,23:50~0:40测量放样 测量放样,归类建议复核
通风兼安全洞,2026-09-26,06:00,10:10,,4.17,钻孔（爆破孔）,,0+456~0+459,6:00-10:10打爆破孔 打爆破孔,
通风兼安全洞,2026-09-26,10:10,10:20,,0.17,爆破孔验收,,0+456~0+459,10:10-10:20爆破孔验收 爆破孔验收,归类建议复核
通风兼安全洞,2026-09-26,10:30,12:21,,1.85,装药爆破,,0+456~0+459,10:30-12:21装药响炮 装药响炮,
通风兼安全洞,2026-09-26,13:00,16:10,,3.17,出渣,,0+456~0+459,13:00~16:10出渣排险 出渣排险,
通风兼安全洞,2026-09-26,16:40,17:25,,0.75,测量放样（爆破孔）,,0+456~0+459,16:40~17:25测量放样 测量放样,归类建议复核
通风兼安全洞,2026-09-26,17:25,21:55,,4.50,锚杆孔钻孔,,0+466~0+472,17:25~21:55打0+466~0+472段锚杆孔 打0+466~0+472段锚杆孔,
通风兼安全洞,2026-09-27,00:10,00:30,,0.33,锚杆孔验收,,0+456~0+459,00:10-00:30验锚杆孔排水孔 验锚杆孔排水孔,
通风兼安全洞,2026-09-27,22:20,04:40,是,6.33,挂钢筋网,,0+456~0+459,22:20-4:40转材料加工锚杆顶拱插锚杆4人 转材料加工锚杆顶拱插锚杆4人,
通风兼安全洞,2026-09-27,04:40,09:40,,5.00,锚杆注浆,,0+456~0+459,4:40-9:40锚杆注浆4人 锚杆注浆4人,
通风兼安全洞,2026-09-27,09:40,15:00,,5.33,挂钢筋网,,0+466~0+472,9:40~15:00 0+466~0+472段挂网片10人 0+466~0+472段挂网片10人,
通风兼安全洞,2026-09-27,15:00,15:28,,0.47,锚杆孔验收,,0+456~0+459,15:00~15:28验收 验收,归类建议复核
通风兼安全洞,2026-09-27,15:28,15:45,,0.28,清理回弹料,,0+456~0+459,15:28~15:45退台车进湿喷台车 退台车进湿喷台车,
通风兼安全洞,2026-09-27,17:40,20:20,,2.67,喷护,等喷浆料,0+456~0+459,17:40~20:20喷护（拌合楼14:00损坏维修 等待湿喷料） 喷护（拌合楼14:00损坏维修 等待湿喷料）,
通风兼安全洞,2026-09-27,20:20,20:46,,0.43,清理回弹料,,0+456~0+459,20:20-20:46清理回弹料 清理回弹料,
通风兼安全洞,2026-09-27,20:48,21:30,,0.70,测量放样（爆破孔）,,0+456~0+459,20:48-21:30推台车测量放样 推台车测量放样,归类建议复核
通风兼安全洞,2026-09-27,21:45,00:25,,2.67,钻孔（爆破孔）,,0+472~0+475,21:45-24:25 0+472~0+475段打爆破孔11人 0+472~0+475段打爆破孔11人,
通风兼安全洞,2026-09-29,00:40,01:10,是,0.50,爆破孔验收,,0+456~0+459,24:40-1:10验收 验收,归类建议复核
通风兼安全洞,2026-09-28,01:20,03:26,,2.10,装药爆破,,0+456~0+459,1:20-3:26装药响炮 装药响炮,
通风兼安全洞,2026-09-28,03:45,07:30,,3.75,出渣,,0+456~0+459,3:45-7:30出渣排险 出渣排险,
通风兼安全洞,2026-09-28,07:40,08:30,,0.83,测量放样（爆破孔）,交接班 / 班前准备,0+456~0+459,7:40-8:30推台车测量放样 推台车测量放样 8:01开挖班就位,归类建议复核
通风兼安全洞,2026-09-28,08:10,10:10,,2.00,测量放样（爆破孔）,,0+456~0+459,8:10~10:10 爆破孔放样 安装风管 爆破孔放样 安装风管,归类建议复核
通风兼安全洞,2026-09-28,10:10,12:57,,2.78,钻孔（爆破孔）,,0+475.3~0+478.3,10:10~12:57打0+475.3~0+478.3段爆破孔 吹孔 打0+475.3~0+478.3段爆破孔 吹孔,
通风兼安全洞,2026-09-28,13:00,13:25,,0.42,爆破孔验收,,0+456~0+459,13:00~13:25验收 验收,归类建议复核
通风兼安全洞,2026-09-28,13:50,15:31,,1.68,装药爆破,交接班 / 班前准备,0+456~0+459,13:50~15:31装药响炮 装药响炮 15:50~出渣排险 20:58开挖班就位,
通风兼安全洞,2026-09-28,21:00,21:40,,0.67,测量放样（爆破孔）,,0+456~0+459,21:00-21:40测量放样 测量放样,归类建议复核
通风兼安全洞,2026-09-28,21:40,00:30,,2.83,钻孔（爆破孔）,,0+456~0+459,21:40-24:30打爆破孔 打爆破孔,
通风兼安全洞,2026-09-29,00:30,00:45,,0.25,爆破孔验收,,0+456~0+459,24:30-24:45验收 验收,归类建议复核
通风兼安全洞,2026-09-30,00:55,03:00,是,2.08,装药爆破,,0+456~0+459,24:55-3:00装药响炮 装药响炮,
通风兼安全洞,2026-09-29,03:25,07:35,,4.17,出渣,欠挖 / 补炮返工,0+456~0+459,3:25-7:35出渣排险处理欠挖 出渣排险处理欠挖,
通风兼安全洞,2026-09-29,07:55,08:40,,0.75,锚杆孔钻孔,设备故障维修,0+472~0+481,7:55~8:40 测量扫断面 放样锚杆孔 测量扫断面 放样锚杆孔 9:35  0+472~0+481段打锚杆孔(10:00钻车损坏维修 12:19开出洞外维修）,归类建议复核
闸室交通洞,2026-09-16,20:00,23:50,,3.83,锚杆孔钻孔,,,20:00~23:50打锁扣锚杆（放样与图纸不符现场施工） 打锁扣锚杆（放样与图纸不符现场施工）,归类建议复核
闸室交通洞,2026-09-19,21:20,04:30,是,7.17,锚杆注浆,设备故障维修,,21:20~4:30（+1）锁口锚杆注浆 现场查看使用32锚杆 一共注浆25根 10根32 15根28（21:45下料28锚杆 插错3根废孔 00:10分加工完成重新注浆 4:30升降车没电停止施工） 工人5人 R205VS挖机1台 登高车,
闸室交通洞,2026-09-20,14:30,16:00,,1.50,锚杆注浆,,,14:30-16:00锁口注浆8根 锁口注浆8根,
闸室交通洞,2026-09-20,17:10,01:30,是,8.33,锚杆注浆,设备故障维修,,17:10-~1:30锁口锚杆注浆 5人 锁口锚杆注浆 5人,
闸室交通洞,2026-09-20,01:30,02:50,,1.33,锚杆孔钻孔,欠挖 / 补炮返工,,1:30~2:50补打塌孔锚杆孔6根 补打塌孔锚杆孔6根,
闸室交通洞,2026-09-20,02:20,03:10,,0.83,锚杆插杆,,,2:20~3:10加工6根锚杆并转运 加工6根锚杆并转运,
闸室交通洞,2026-09-20,03:10,05:00,,1.83,锚杆注浆,欠挖 / 补炮返工,,3:10~5:00锁口锚杆注浆 塌孔2根未注 锁口锚杆注浆 塌孔2根未注,
闸室交通洞,2026-09-21,08:00,09:30,,1.50,锚杆孔钻孔,欠挖 / 补炮返工,,8:00-9:30塌孔补打2个 插杆1根 塌孔1 塌孔补打2个 插杆1根 塌孔1 个（共注58根）5人,
闸室交通洞,2026-09-29,20:40,21:10,,0.50,清理回弹料,,,20:40-21:10调整台车 调整台车,
闸室交通洞,2026-09-29,21:10,22:00,,0.83,测量放样（爆破孔）,,,21:10-22:00下层爆破孔放点 下层爆破孔放点,
闸室交通洞,2026-09-29,22:00,00:11,,2.18,钻孔（爆破孔）,,,22:00-24:11下层打爆破孔4人 下层打爆破孔4人,
闸室交通洞,2026-09-30,00:11,00:50,,0.65,钻孔（爆破孔）,,,00:11-00:50吹孔 吹孔,
闸室交通洞,2026-09-30,00:50,01:20,,0.50,钻孔（爆破孔）,欠挖 / 补炮返工,,00:50-1:20底板塌孔重新打眼 底板塌孔重新打眼,
闸室交通洞,2026-09-30,08:21,09:45,,1.40,装药爆破,,,8:21-9:45装药响炮 装药响炮,
闸室交通洞,2026-09-30,10:13,12:35,,2.37,出渣,,,10:13~12:35扒断面出渣排险 扒断面出渣排险,
闸室交通洞,2026-09-30,12:35,13:21,,0.77,超前地质预报,,,12:35~13:21接风管打地质探测孔 接风管打地质探测孔,
闸室交通洞,2026-09-30,13:35,14:20,,0.75,超前地质预报,交接班 / 班前准备,,13:35~14:20做超前地质预报 做超前地质预报 14:00~准备钻机 台车风水管安装,
